label,counts,probability
0.0,1218,0.5075
1.0,1180,0.49166666666666664
0.5,1,0.0004166666666666667
0.3333333333333333,1,0.0004166666666666667
