label,counts,probability
1.0,986,0.41083333333333333
0.5,234,0.0975
0.0,705,0.29375
0.2,450,0.1875
0.13333333333333333,1,0.0004166666666666667
0.07692307692307693,1,0.0004166666666666667
0.23076923076923078,1,0.0004166666666666667
0.25,1,0.0004166666666666667
0.4,3,0.00125
0.15384615384615385,1,0.0004166666666666667
0.16666666666666666,8,0.0033333333333333335
0.75,6,0.0025
0.15,1,0.0004166666666666667
0.14285714285714285,1,0.0004166666666666667
0.2857142857142857,1,0.0004166666666666667
