label,counts,probability
0.0,1097,0.45708333333333334
1.0,1300,0.5416666666666666
0.5,3,0.00125
