label,counts,probability
0.0,1223,0.5095833333333334
1.0,1174,0.4891666666666667
0.5,3,0.00125
