label,counts,probability
1.0,1006,0.4191666666666667
0.5,355,0.14791666666666667
0.2,473,0.19708333333333333
0.0,544,0.22666666666666666
0.16666666666666666,6,0.0025
0.23076923076923078,1,0.0004166666666666667
0.25,1,0.0004166666666666667
0.4,2,0.0008333333333333334
0.15384615384615385,1,0.0004166666666666667
0.75,7,0.002916666666666667
0.15,1,0.0004166666666666667
0.14285714285714285,1,0.0004166666666666667
0.3333333333333333,1,0.0004166666666666667
0.1111111111111111,1,0.0004166666666666667
